row_id,question,gold_entities,predicted_entities,exact,confidence,fallback_used,probabilities
5,What phones were last active earlier than 1 December 2023?,"[""Phone""]","[""Phone""]",True,0.8880007863044739,False,"{""CDR"": 0.12677286565303802, ""EVisa Request"": 0.06938332319259644, ""Insight"": 0.07016561180353165, ""Investigation"": 0.05405944958329201, ""Person"": 0.07007086277008057, ""Phone"": 0.8880007863044739, ""Report"": 0.06511808186769485, ""Web Activity"": 0.111442930996418, ""Web Actor"": 0.14882121980190277}"
8,Present all tweets from accounts with 500 friends that mention the Tesla,"[""Web Activity"", ""Web Actor""]","[""Web Activity"", ""Web Actor""]",True,0.8560692667961121,False,"{""CDR"": 0.15387830138206482, ""EVisa Request"": 0.044331394135951996, ""Insight"": 0.10113564878702164, ""Investigation"": 0.05746994912624359, ""Person"": 0.0678529217839241, ""Phone"": 0.09744098782539368, ""Report"": 0.06475462764501572, ""Web Activity"": 0.835599958896637, ""Web Actor"": 0.8560692667961121}"
12,Retrieve reports mentioning 'John Smith' or 'Jane Doe',"[""Report""]","[""Report""]",True,0.8759918808937073,False,"{""CDR"": 0.12393361330032349, ""EVisa Request"": 0.045721642673015594, ""Insight"": 0.1763763427734375, ""Investigation"": 0.052198849618434906, ""Person"": 0.13256138563156128, ""Phone"": 0.0797954574227333, ""Report"": 0.8759918808937073, ""Web Activity"": 0.11759468913078308, ""Web Actor"": 0.12446650117635727}"
26,Find Instagram profiles with 100 followers that use Israel phone number,"[""Web Actor""]","[""Web Actor""]",True,0.9006896018981934,False,"{""CDR"": 0.10345808416604996, ""EVisa Request"": 0.04665403813123703, ""Insight"": 0.05727081373333931, ""Investigation"": 0.045206185430288315, ""Person"": 0.09702503681182861, ""Phone"": 0.3269217908382416, ""Report"": 0.053210098296403885, ""Web Activity"": 0.24442000687122345, ""Web Actor"": 0.9006896018981934}"
50,What calls using 4G were not made from 0543037210?,"[""CDR""]","[""CDR""]",True,0.9478238821029663,False,"{""CDR"": 0.9478238821029663, ""EVisa Request"": 0.03783150762319565, ""Insight"": 0.059605713933706284, ""Investigation"": 0.044426459819078445, ""Person"": 0.03995303809642792, ""Phone"": 0.15152935683727264, ""Report"": 0.050391532480716705, ""Web Activity"": 0.0784805417060852, ""Web Actor"": 0.08544095605611801}"
56,List all emails from john@company.com to jane@company.com with attachments in February 2024,"[""CDR""]","[""CDR""]",True,0.9192256927490234,False,"{""CDR"": 0.9192256927490234, ""EVisa Request"": 0.04599199816584587, ""Insight"": 0.05115610361099243, ""Investigation"": 0.05573146417737007, ""Person"": 0.07140158861875534, ""Phone"": 0.16282664239406586, ""Report"": 0.06288271397352219, ""Web Activity"": 0.09131190925836563, ""Web Actor"": 0.07654447108507156}"
59,incoming calls to the device with imsi 35699605559871102 that were 5 minutes long last month,"[""CDR""]","[""CDR""]",True,0.8888664841651917,False,"{""CDR"": 0.8888664841651917, ""EVisa Request"": 0.05184623971581459, ""Insight"": 0.07287657260894775, ""Investigation"": 0.05388021469116211, ""Person"": 0.05733765289187431, ""Phone"": 0.3985193967819214, ""Report"": 0.05506519973278046, ""Web Activity"": 0.09207841753959656, ""Web Actor"": 0.09856302291154861}"
64,List insights with text referring to 'surveillance footage' or 'security camera video',"[""Insight""]","[""Insight""]",True,0.9072479605674744,False,"{""CDR"": 0.14930009841918945, ""EVisa Request"": 0.06774510443210602, ""Insight"": 0.9072479605674744, ""Investigation"": 0.07266614586114883, ""Person"": 0.10007254779338837, ""Phone"": 0.11274360865354538, ""Report"": 0.12123101204633713, ""Web Activity"": 0.1970093995332718, ""Web Actor"": 0.1135394349694252}"
66,Find all phones with IMEI number starting with '35',"[""Phone""]","[""Phone""]",True,0.9051180481910706,False,"{""CDR"": 0.3204958438873291, ""EVisa Request"": 0.05296492204070091, ""Insight"": 0.04208042472600937, ""Investigation"": 0.05334585905075073, ""Person"": 0.21151429414749146, ""Phone"": 0.9051180481910706, ""Report"": 0.048870332539081573, ""Web Activity"": 0.10339491069316864, ""Web Actor"": 0.07551736384630203}"
68,Who was given a 180-day visa in the past year?,"[""EVisa Request""]","[""EVisa Request""]",True,0.9571284055709839,False,"{""CDR"": 0.22837457060813904, ""EVisa Request"": 0.9571284055709839, ""Insight"": 0.09527231007814407, ""Investigation"": 0.08987686783075333, ""Person"": 0.10365169495344162, ""Phone"": 0.13173270225524902, ""Report"": 0.08304162323474884, ""Web Activity"": 0.17922265827655792, ""Web Actor"": 0.15410026907920837}"
70,Find all open investigations related to counterfeit goods,"[""Investigation""]","[""Investigation""]",True,0.9404005408287048,False,"{""CDR"": 0.102777399122715, ""EVisa Request"": 0.05022548511624336, ""Insight"": 0.07313939183950424, ""Investigation"": 0.9404005408287048, ""Person"": 0.05835966020822525, ""Phone"": 0.07665922492742538, ""Report"": 0.057117562741041183, ""Web Activity"": 0.10528741776943207, ""Web Actor"": 0.0939473882317543}"
73,Show me all phones with arabic activities,"[""Phone""]","[""Phone""]",True,0.9441954493522644,False,"{""CDR"": 0.13557188212871552, ""EVisa Request"": 0.0337844081223011, ""Insight"": 0.04049624875187874, ""Investigation"": 0.040128443390131, ""Person"": 0.0914696753025055, ""Phone"": 0.9441954493522644, ""Report"": 0.03321788087487221, ""Web Activity"": 0.3728194534778595, ""Web Actor"": 0.15842247009277344}"
78,Show me all successful SMS messages from 0542164185 with Arabic settings since 1 January 2023,"[""CDR"", ""Phone""]","[""CDR"", ""Phone""]",True,0.8512153625488281,False,"{""CDR"": 0.8512153625488281, ""EVisa Request"": 0.08797042816877365, ""Insight"": 0.06564128398895264, ""Investigation"": 0.05342902988195419, ""Person"": 0.09926609694957733, ""Phone"": 0.7153514623641968, ""Report"": 0.050201594829559326, ""Web Activity"": 0.09514528512954712, ""Web Actor"": 0.08800753206014633}"
80,Show me all individuals with a passport number equal to 'XYZ789',"[""Person""]","[""Person""]",True,0.9661362767219543,False,"{""CDR"": 0.17596668004989624, ""EVisa Request"": 0.14043255150318146, ""Insight"": 0.05496041849255562, ""Investigation"": 0.065550297498703, ""Person"": 0.9661362767219543, ""Phone"": 0.10533852130174637, ""Report"": 0.06255265325307846, ""Web Activity"": 0.09256038069725037, ""Web Actor"": 0.061749812215566635}"
94,Retrieve all communications for subcase 'XYZ789' that were in spanish yesterday,"[""CDR""]","[""CDR""]",True,0.8167707324028015,False,"{""CDR"": 0.8167707324028015, ""EVisa Request"": 0.04538161680102348, ""Insight"": 0.06558127701282501, ""Investigation"": 0.08553450554609299, ""Person"": 0.07717324048280716, ""Phone"": 0.12725260853767395, ""Report"": 0.06174294650554657, ""Web Activity"": 0.14592836797237396, ""Web Actor"": 0.07688465714454651}"
98,List all phones that mostly communicate in either Spanish or French,"[""Phone""]","[""Phone""]",True,0.789907693862915,False,"{""CDR"": 0.3436466157436371, ""EVisa Request"": 0.04779649153351784, ""Insight"": 0.05818861722946167, ""Investigation"": 0.06811580806970596, ""Person"": 0.0776507630944252, ""Phone"": 0.789907693862915, ""Report"": 0.06255625188350677, ""Web Activity"": 0.14815141260623932, ""Web Actor"": 0.08331703394651413}"
102,List investigations with descriptions containing 'wire transfer',"[""Investigation""]","[""Investigation""]",True,0.9227736592292786,False,"{""CDR"": 0.09245467931032181, ""EVisa Request"": 0.04977142810821533, ""Insight"": 0.07536710053682327, ""Investigation"": 0.9227736592292786, ""Person"": 0.08960399776697159, ""Phone"": 0.08097678422927856, ""Report"": 0.08186463266611099, ""Web Activity"": 0.0836944431066513, ""Web Actor"": 0.10439292341470718}"
103,List all calls that were redirected to voicemail in the past 6 days.,"[""CDR""]","[""CDR""]",True,0.8480730056762695,False,"{""CDR"": 0.8480730056762695, ""EVisa Request"": 0.07200059294700623, ""Insight"": 0.06832636147737503, ""Investigation"": 0.08142133802175522, ""Person"": 0.04713331162929535, ""Phone"": 0.11871420592069626, ""Report"": 0.05678962916135788, ""Web Activity"": 0.14073243737220764, ""Web Actor"": 0.06799662113189697}"
116,List emails from john@gmail.com or sarah@outlook.com with 'urgent' in the subject yesterday,"[""CDR""]","[""CDR""]",True,0.8752952218055725,False,"{""CDR"": 0.8752952218055725, ""EVisa Request"": 0.053590353578329086, ""Insight"": 0.0810975655913353, ""Investigation"": 0.05662490800023079, ""Person"": 0.16111449897289276, ""Phone"": 0.13494540750980377, ""Report"": 0.060969214886426926, ""Web Activity"": 0.1058528795838356, ""Web Actor"": 0.08982588350772858}"
117,Show me all SMS messages sent via the SMPP protocol in the past 24 hours.,"[""CDR""]","[""CDR""]",True,0.8980970978736877,False,"{""CDR"": 0.8980970978736877, ""EVisa Request"": 0.053965501487255096, ""Insight"": 0.07468359917402267, ""Investigation"": 0.0608864389359951, ""Person"": 0.0595058836042881, ""Phone"": 0.12261316180229187, ""Report"": 0.04933347553014755, ""Web Activity"": 0.11740566045045853, ""Web Actor"": 0.07806455343961716}"
119,List web actors who attended Stanford University.,"[""Web Actor""]","[""Web Actor""]",True,0.9037746787071228,False,"{""CDR"": 0.13459739089012146, ""EVisa Request"": 0.11213450133800507, ""Insight"": 0.07500326633453369, ""Investigation"": 0.06340918689966202, ""Person"": 0.07928954809904099, ""Phone"": 0.09935132414102554, ""Report"": 0.07197009772062302, ""Web Activity"": 0.48256954550743103, ""Web Actor"": 0.9037746787071228}"
134,"Identify social activities with a positive sentiment score of 0.8, created by account following 1000 accounts","[""Web Activity"", ""Web Actor""]","[""Web Activity"", ""Web Actor""]",True,0.9395424127578735,False,"{""CDR"": 0.08893784880638123, ""EVisa Request"": 0.04294268414378166, ""Insight"": 0.07344694435596466, ""Investigation"": 0.06372739374637604, ""Person"": 0.0662594735622406, ""Phone"": 0.10524661093950272, ""Report"": 0.07774895429611206, ""Web Activity"": 0.8343566656112671, ""Web Actor"": 0.9395424127578735}"
169,Find all people with the last name 'Smith' born between 1 January 1980 and 31 December 1989,"[""Person""]","[""Person""]",True,0.9529569745063782,False,"{""CDR"": 0.08115161210298538, ""EVisa Request"": 0.11708248406648636, ""Insight"": 0.053332529962062836, ""Investigation"": 0.09213458001613617, ""Person"": 0.9529569745063782, ""Phone"": 0.1406206637620926, ""Report"": 0.06965038180351257, ""Web Activity"": 0.142537459731102, ""Web Actor"": 0.2306784987449646}"
170,show all incoming and outgoing emails of ariel042cohen@gmail from the past week,"[""CDR""]","[""CDR""]",True,0.8926592469215393,False,"{""CDR"": 0.8926592469215393, ""EVisa Request"": 0.05580637976527214, ""Insight"": 0.08745574206113815, ""Investigation"": 0.06039906665682793, ""Person"": 0.061277374625205994, ""Phone"": 0.1111043319106102, ""Report"": 0.058464329689741135, ""Web Activity"": 0.10770611464977264, ""Web Actor"": 0.06843133270740509}"
180,Find reports with 'ponzi scheme' in the content,"[""Report""]","[""Report""]",True,0.9040502309799194,False,"{""CDR"": 0.12846626341342926, ""EVisa Request"": 0.05510209500789642, ""Insight"": 0.07695002853870392, ""Investigation"": 0.05892810598015785, ""Person"": 0.09227351099252701, ""Phone"": 0.11463768780231476, ""Report"": 0.9040502309799194, ""Web Activity"": 0.22390149533748627, ""Web Actor"": 0.14487293362617493}"
185,Find all mobile phones that are linked to IMSI 310150123456789,"[""Phone""]","[""Phone""]",True,0.9254254698753357,False,"{""CDR"": 0.29157498478889465, ""EVisa Request"": 0.04880550876259804, ""Insight"": 0.06071585789322853, ""Investigation"": 0.06675710529088974, ""Person"": 0.06480348110198975, ""Phone"": 0.9254254698753357, ""Report"": 0.05321859195828438, ""Web Activity"": 0.09927505254745483, ""Web Actor"": 0.1053757518529892}"
186,Show me investigations that are either open or were created in the last month,"[""Investigation""]","[""Investigation""]",True,0.9690949320793152,False,"{""CDR"": 0.05153585225343704, ""EVisa Request"": 0.03335114195942879, ""Insight"": 0.09205739200115204, ""Investigation"": 0.9690949320793152, ""Person"": 0.04468722268939018, ""Phone"": 0.04761234298348427, ""Report"": 0.06282901018857956, ""Web Activity"": 0.05974798649549484, ""Web Actor"": 0.09484346956014633}"
191,"Find LinkedIn profiles mentioning 'data science' in their about section, created in the last 6 months","[""Web Actor""]","[""Web Actor""]",True,0.9115034341812134,False,"{""CDR"": 0.07992345839738846, ""EVisa Request"": 0.05771199241280556, ""Insight"": 0.1294681578874588, ""Investigation"": 0.11839903891086578, ""Person"": 0.037907086312770844, ""Phone"": 0.06073271110653877, ""Report"": 0.12356298416852951, ""Web Activity"": 0.23547379672527313, ""Web Actor"": 0.9115034341812134}"
211,Find all phones associated with target name John Smith,"[""Phone""]","[""Phone""]",True,0.9644737839698792,False,"{""CDR"": 0.2472875863313675, ""EVisa Request"": 0.04441171512007713, ""Insight"": 0.04469198361039162, ""Investigation"": 0.054769910871982574, ""Person"": 0.17636533081531525, ""Phone"": 0.9644737839698792, ""Report"": 0.058939795941114426, ""Web Activity"": 0.08257313817739487, ""Web Actor"": 0.08675865828990936}"
218,Show me any emails sent from jane@company.com to ariel042cohen@gmail.com with attachments in the past 2 weeks,"[""CDR""]","[""CDR""]",True,0.9587621688842773,False,"{""CDR"": 0.9587621688842773, ""EVisa Request"": 0.03829806298017502, ""Insight"": 0.08143381029367447, ""Investigation"": 0.043807368725538254, ""Person"": 0.05065961927175522, ""Phone"": 0.125480517745018, ""Report"": 0.04694999009370804, ""Web Activity"": 0.06439864635467529, ""Web Actor"": 0.06255596876144409}"
225,Show me reports updated after 20 March 2024,"[""Report""]","[""Report""]",True,0.9592074751853943,False,"{""CDR"": 0.0819806158542633, ""EVisa Request"": 0.052111100405454636, ""Insight"": 0.07008039951324463, ""Investigation"": 0.05699602887034416, ""Person"": 0.06984993815422058, ""Phone"": 0.0569189116358757, ""Report"": 0.9592074751853943, ""Web Activity"": 0.10407494753599167, ""Web Actor"": 0.06962421536445618}"
226,Identify web actors with a negative sentiment score who have shared posts related to 'politics' in 2023.,"[""Web Activity"", ""Web Actor""]","[""Web Activity"", ""Web Actor""]",True,0.9623620510101318,False,"{""CDR"": 0.060192596167325974, ""EVisa Request"": 0.06067637726664543, ""Insight"": 0.07493800669908524, ""Investigation"": 0.07940580695867538, ""Person"": 0.05988746136426926, ""Phone"": 0.07995189726352692, ""Report"": 0.0541510134935379, ""Web Activity"": 0.9623620510101318, ""Web Actor"": 0.9397034049034119}"
242,List reports created in the first quarter of 2024,"[""Report""]","[""Report""]",True,0.9356838464736938,False,"{""CDR"": 0.05578182265162468, ""EVisa Request"": 0.04003032296895981, ""Insight"": 0.1367168426513672, ""Investigation"": 0.3075391352176666, ""Person"": 0.0520021989941597, ""Phone"": 0.04419751837849617, ""Report"": 0.9356838464736938, ""Web Activity"": 0.05191174894571304, ""Web Actor"": 0.08510331809520721}"
245,Retrieve the details of suspicious phones with IMEI 356938035643809 or 490154203237518,"[""Phone""]","[""Phone""]",True,0.8879850506782532,False,"{""CDR"": 0.3929574489593506, ""EVisa Request"": 0.040320318192243576, ""Insight"": 0.08144120872020721, ""Investigation"": 0.05067148804664612, ""Person"": 0.08684803545475006, ""Phone"": 0.8879850506782532, ""Report"": 0.07597421854734421, ""Web Activity"": 0.06876184791326523, ""Web Actor"": 0.07479482144117355}"
248,Show investigations created between 1 January 2024 and 15 March 2024,"[""Investigation""]","[""Investigation""]",True,0.9622470736503601,False,"{""CDR"": 0.059160202741622925, ""EVisa Request"": 0.05157121270895004, ""Insight"": 0.058783549815416336, ""Investigation"": 0.9622470736503601, ""Person"": 0.06249246746301651, ""Phone"": 0.04735986888408661, ""Report"": 0.1218000054359436, ""Web Activity"": 0.09228861331939697, ""Web Actor"": 0.06813881546258926}"
263,List all emails sent from john@example.com to jane@example.com last month,"[""CDR""]","[""CDR""]",True,0.9012462496757507,False,"{""CDR"": 0.9012462496757507, ""EVisa Request"": 0.06952453404664993, ""Insight"": 0.06032881513237953, ""Investigation"": 0.05182965099811554, ""Person"": 0.07421340048313141, ""Phone"": 0.205744206905365, ""Report"": 0.07536207884550095, ""Web Activity"": 0.11443879455327988, ""Web Actor"": 0.07301168143749237}"
264,investigations that closed on feb 20 2024,"[""Investigation""]","[""Investigation""]",True,0.9670392870903015,False,"{""CDR"": 0.10244141519069672, ""EVisa Request"": 0.0439460314810276, ""Insight"": 0.05461708828806877, ""Investigation"": 0.9670392870903015, ""Person"": 0.05286163091659546, ""Phone"": 0.07472232729196548, ""Report"": 0.06665094196796417, ""Web Activity"": 0.08045046031475067, ""Web Actor"": 0.07179407775402069}"
269,Show classified SMS conversations of 0527654321 in the first week of January 2024,"[""CDR""]","[""CDR""]",True,0.7753826379776001,False,"{""CDR"": 0.7753826379776001, ""EVisa Request"": 0.06126883998513222, ""Insight"": 0.08820626884698868, ""Investigation"": 0.13069668412208557, ""Person"": 0.07737824320793152, ""Phone"": 0.11103080958127975, ""Report"": 0.09194645285606384, ""Web Activity"": 0.0851835384964943, ""Web Actor"": 0.09975939244031906}"
277,What reports mention 'product launch' and were updated last week?,"[""Report""]","[""Report""]",True,0.9213705658912659,False,"{""CDR"": 0.10463685542345047, ""EVisa Request"": 0.05035169795155525, ""Insight"": 0.08819007873535156, ""Investigation"": 0.07079802453517914, ""Person"": 0.05463114380836487, ""Phone"": 0.08396737277507782, ""Report"": 0.9213705658912659, ""Web Activity"": 0.13654813170433044, ""Web Actor"": 0.1158205196261406}"
291,Show me insights from the second half of 2023 related to the drug cartel.,"[""Insight""]","[""Insight""]",True,0.9399850368499756,False,"{""CDR"": 0.1659826636314392, ""EVisa Request"": 0.03876569867134094, ""Insight"": 0.9399850368499756, ""Investigation"": 0.12092985212802887, ""Person"": 0.0469236895442009, ""Phone"": 0.09837312996387482, ""Report"": 0.08586957305669785, ""Web Activity"": 0.11610431224107742, ""Web Actor"": 0.09199700504541397}"
293,Find all investigations in a closed state,"[""Investigation""]","[""Investigation""]",True,0.9729554653167725,False,"{""CDR"": 0.09442125260829926, ""EVisa Request"": 0.0809943675994873, ""Insight"": 0.04223037138581276, ""Investigation"": 0.9729554653167725, ""Person"": 0.06810279190540314, ""Phone"": 0.0741058811545372, ""Report"": 0.0439961738884449, ""Web Activity"": 0.07566278427839279, ""Web Actor"": 0.05891864001750946}"
294,Show me insights from the first week of December 2023.,"[""Insight""]","[""Insight""]",True,0.9429686069488525,False,"{""CDR"": 0.1680401712656021, ""EVisa Request"": 0.04652571678161621, ""Insight"": 0.9429686069488525, ""Investigation"": 0.037052255123853683, ""Person"": 0.1011730208992958, ""Phone"": 0.10906387865543365, ""Report"": 0.056518733501434326, ""Web Activity"": 0.07985223084688187, ""Web Actor"": 0.10167337954044342}"
305,Retrieve reports updated between 1 February 2024 and 28 February 2024,"[""Report""]","[""Report""]",True,0.9106358289718628,False,"{""CDR"": 0.12203461676836014, ""EVisa Request"": 0.04567664861679077, ""Insight"": 0.052129462361335754, ""Investigation"": 0.1075342670083046, ""Person"": 0.11237622052431107, ""Phone"": 0.06403592973947525, ""Report"": 0.9106358289718628, ""Web Activity"": 0.1250842660665512, ""Web Actor"": 0.10613880306482315}"
306,Which phones were first active in February 2024?,"[""Phone""]","[""Phone""]",True,0.9557521343231201,False,"{""CDR"": 0.12109025567770004, ""EVisa Request"": 0.03222781419754028, ""Insight"": 0.04400727152824402, ""Investigation"": 0.05481618270277977, ""Person"": 0.04403067007660866, ""Phone"": 0.9557521343231201, ""Report"": 0.06318195909261703, ""Web Activity"": 0.1055234745144844, ""Web Actor"": 0.15819039940834045}"
308,Show me all persons born on New Year's Day 1978,"[""Person""]","[""Person""]",True,0.9077794551849365,False,"{""CDR"": 0.17501860857009888, ""EVisa Request"": 0.0800613984465599, ""Insight"": 0.08645785599946976, ""Investigation"": 0.0764290913939476, ""Person"": 0.9077794551849365, ""Phone"": 0.11954643577337265, ""Report"": 0.06657324731349945, ""Web Activity"": 0.1308143585920334, ""Web Actor"": 0.1104024276137352}"
318,Find the phone details for alias John Doe,"[""Phone""]","[""Phone""]",True,0.930854320526123,False,"{""CDR"": 0.20687319338321686, ""EVisa Request"": 0.05725661292672157, ""Insight"": 0.08404678106307983, ""Investigation"": 0.055512912571430206, ""Person"": 0.06985998153686523, ""Phone"": 0.930854320526123, ""Report"": 0.08275449275970459, ""Web Activity"": 0.08207786828279495, ""Web Actor"": 0.08519980311393738}"
326,What investigations were opened on 10 March 2024?,"[""Investigation""]","[""Investigation""]",True,0.9690154194831848,False,"{""CDR"": 0.10836663842201233, ""EVisa Request"": 0.028520768508315086, ""Insight"": 0.0578274168074131, ""Investigation"": 0.9690154194831848, ""Person"": 0.0380917564034462, ""Phone"": 0.07087463140487671, ""Report"": 0.056351881474256516, ""Web Activity"": 0.05887637659907341, ""Web Actor"": 0.056826893240213394}"
328,Retrieve communications of  0521234567,"[""CDR""]","[""CDR""]",True,0.8622661232948303,False,"{""CDR"": 0.8622661232948303, ""EVisa Request"": 0.050895992666482925, ""Insight"": 0.07019872218370438, ""Investigation"": 0.08414684236049652, ""Person"": 0.08875375986099243, ""Phone"": 0.15500310063362122, ""Report"": 0.0734354704618454, ""Web Activity"": 0.08160416036844254, ""Web Actor"": 0.09447523206472397}"
331,find me emails of  0546222288,"[""CDR""]","[""CDR""]",True,0.8651598691940308,False,"{""CDR"": 0.8651598691940308, ""EVisa Request"": 0.04998636990785599, ""Insight"": 0.06010958552360535, ""Investigation"": 0.061466582119464874, ""Person"": 0.07726618647575378, ""Phone"": 0.13602907955646515, ""Report"": 0.07227396219968796, ""Web Activity"": 0.07455038279294968, ""Web Actor"": 0.09682168811559677}"
333,What medium priority investigations were created last week?,"[""Investigation""]","[""Investigation""]",True,0.9523038268089294,False,"{""CDR"": 0.09305422008037567, ""EVisa Request"": 0.056643661111593246, ""Insight"": 0.06574077159166336, ""Investigation"": 0.9523038268089294, ""Person"": 0.033133529126644135, ""Phone"": 0.06895165890455246, ""Report"": 0.07821012288331985, ""Web Activity"": 0.05961516499519348, ""Web Actor"": 0.11414796859025955}"
343,Show me the details of the phone with MSISDN +972543037210,"[""Phone""]","[""Phone""]",True,0.8613672256469727,False,"{""CDR"": 0.3102510869503021, ""EVisa Request"": 0.03826374188065529, ""Insight"": 0.07161889970302582, ""Investigation"": 0.050670888274908066, ""Person"": 0.07844094932079315, ""Phone"": 0.8613672256469727, ""Report"": 0.058602508157491684, ""Web Activity"": 0.07663857191801071, ""Web Actor"": 0.08132321387529373}"
347,"Show me reports created on March 1, 2024 or March 15, 2024","[""Report""]","[""Report""]",True,0.9371377825737,False,"{""CDR"": 0.07306715846061707, ""EVisa Request"": 0.027693556621670723, ""Insight"": 0.14345932006835938, ""Investigation"": 0.0989278182387352, ""Person"": 0.051183585077524185, ""Phone"": 0.04419670253992081, ""Report"": 0.9371377825737, ""Web Activity"": 0.07316027581691742, ""Web Actor"": 0.06635599583387375}"
356,List suspicious phones active within the last 2 weeks.,"[""Phone""]","[""Phone""]",True,0.9375928044319153,False,"{""CDR"": 0.20578856766223907, ""EVisa Request"": 0.05086473003029823, ""Insight"": 0.08712704479694366, ""Investigation"": 0.047394536435604095, ""Person"": 0.05374244973063469, ""Phone"": 0.9375928044319153, ""Report"": 0.08001591265201569, ""Web Activity"": 0.08256053179502487, ""Web Actor"": 0.0718722715973854}"
362,Find reports with information related to the case 'XYZ123',"[""Report""]","[""Report""]",True,0.9047116637229919,False,"{""CDR"": 0.12477041035890579, ""EVisa Request"": 0.04291610047221184, ""Insight"": 0.10976002365350723, ""Investigation"": 0.22333167493343353, ""Person"": 0.08734910935163498, ""Phone"": 0.09630599617958069, ""Report"": 0.9047116637229919, ""Web Activity"": 0.08183816820383072, ""Web Actor"": 0.08196546882390976}"
368,Find insights that contain 'suspicious activity' or 'potential threat' in the text,"[""Insight""]","[""Insight""]",True,0.9200870990753174,False,"{""CDR"": 0.09264267235994339, ""EVisa Request"": 0.03886353224515915, ""Insight"": 0.9200870990753174, ""Investigation"": 0.07432806491851807, ""Person"": 0.051062583923339844, ""Phone"": 0.1401950567960739, ""Report"": 0.18987900018692017, ""Web Activity"": 0.23438526690006256, ""Web Actor"": 0.12117762118577957}"
371,"Show me all insights mentioning 'money laundering' from March 1, 2024 to March 15, 2024.","[""Insight""]","[""Insight""]",True,0.9152066111564636,False,"{""CDR"": 0.19386973977088928, ""EVisa Request"": 0.0371517650783062, ""Insight"": 0.9152066111564636, ""Investigation"": 0.1614452749490738, ""Person"": 0.04827624559402466, ""Phone"": 0.07332497090101242, ""Report"": 0.12763628363609314, ""Web Activity"": 0.15284648537635803, ""Web Actor"": 0.059199411422014236}"
374,Show me all individuals with the occupation 'lawyer',"[""Person""]","[""Person""]",True,0.9599528312683105,False,"{""CDR"": 0.12057556211948395, ""EVisa Request"": 0.06950246542692184, ""Insight"": 0.06843385100364685, ""Investigation"": 0.08563924580812454, ""Person"": 0.9599528312683105, ""Phone"": 0.09309481829404831, ""Report"": 0.05141245201230049, ""Web Activity"": 0.10101857781410217, ""Web Actor"": 0.06724978983402252}"
378,Find SMS messages in Spanish sent from 0543037210 in the past 2 weeks,"[""CDR""]","[""CDR""]",True,0.96424400806427,False,"{""CDR"": 0.96424400806427, ""EVisa Request"": 0.035499364137649536, ""Insight"": 0.052368372678756714, ""Investigation"": 0.040818288922309875, ""Person"": 0.02644130028784275, ""Phone"": 0.10693666338920593, ""Report"": 0.04470827430486679, ""Web Activity"": 0.10659108310937881, ""Web Actor"": 0.05679822340607643}"
383,Find individuals whose last name starts with 'M' or 'R',"[""Person""]","[""Person""]",True,0.9331316351890564,False,"{""CDR"": 0.11681424081325531, ""EVisa Request"": 0.09068606793880463, ""Insight"": 0.07403755933046341, ""Investigation"": 0.07145633548498154, ""Person"": 0.9331316351890564, ""Phone"": 0.14430350065231323, ""Report"": 0.08891399204730988, ""Web Activity"": 0.09194009751081467, ""Web Actor"": 0.12630043923854828}"
392,outgoing emails from @company.com addresses to @client.com addresses about 'contract' last week,"[""CDR""]","[""CDR""]",True,0.8379805088043213,False,"{""CDR"": 0.8379805088043213, ""EVisa Request"": 0.06565840542316437, ""Insight"": 0.09401019662618637, ""Investigation"": 0.06840568780899048, ""Person"": 0.055695705115795135, ""Phone"": 0.15678934752941132, ""Report"": 0.08084236085414886, ""Web Activity"": 0.15526258945465088, ""Web Actor"": 0.13559651374816895}"
395,Which phones have an alias name 'disposable'?,"[""Phone""]","[""Phone""]",True,0.8775872588157654,False,"{""CDR"": 0.13846074044704437, ""EVisa Request"": 0.054370444267988205, ""Insight"": 0.056054357439279556, ""Investigation"": 0.05952395498752594, ""Person"": 0.10416264086961746, ""Phone"": 0.8775872588157654, ""Report"": 0.05421027913689613, ""Web Activity"": 0.1944933831691742, ""Web Actor"": 0.2058354914188385}"
409,What Instagram posts were made by actors with  5000 followers in the month of January 2023?,"[""Web Activity"", ""Web Actor""]","[""Web Activity"", ""Web Actor""]",True,0.9251360893249512,False,"{""CDR"": 0.1443658322095871, ""EVisa Request"": 0.0566922202706337, ""Insight"": 0.06643800437450409, ""Investigation"": 0.05720615014433861, ""Person"": 0.05208800733089447, ""Phone"": 0.11140907555818558, ""Report"": 0.05431661754846573, ""Web Activity"": 0.8659854531288147, ""Web Actor"": 0.9251360893249512}"
412,Show all communications in the last 3 days sent to phones owned by people named John,"[""CDR"", ""Phone""]","[""CDR"", ""Phone""]",True,0.8393887877464294,False,"{""CDR"": 0.8393887877464294, ""EVisa Request"": 0.0547172948718071, ""Insight"": 0.04185161739587784, ""Investigation"": 0.07709930837154388, ""Person"": 0.2040727734565735, ""Phone"": 0.7778042554855347, ""Report"": 0.03444981947541237, ""Web Activity"": 0.0844467505812645, ""Web Actor"": 0.10024924576282501}"
432,List all phones where the dominant language is Russian.,"[""Phone""]","[""Phone""]",True,0.8245928883552551,False,"{""CDR"": 0.2067337930202484, ""EVisa Request"": 0.06894651800394058, ""Insight"": 0.0903068259358406, ""Investigation"": 0.0616069994866848, ""Person"": 0.07736973464488983, ""Phone"": 0.8245928883552551, ""Report"": 0.06410469859838486, ""Web Activity"": 0.2799024283885956, ""Web Actor"": 0.07777424156665802}"
442,find me all binary sms messages involve 0543037210,"[""CDR""]","[""CDR""]",True,0.8942216634750366,False,"{""CDR"": 0.8942216634750366, ""EVisa Request"": 0.050546884536743164, ""Insight"": 0.04496726021170616, ""Investigation"": 0.06545446068048477, ""Person"": 0.07942764461040497, ""Phone"": 0.10403795540332794, ""Report"": 0.05142446607351303, ""Web Activity"": 0.07622868567705154, ""Web Actor"": 0.07280907779932022}"
446,Find the phones associated with target names Ariel Cohen or Yossi Levi,"[""Phone""]","[""Phone""]",True,0.8776216506958008,False,"{""CDR"": 0.25599196553230286, ""EVisa Request"": 0.050232160836458206, ""Insight"": 0.07850156724452972, ""Investigation"": 0.07621421664953232, ""Person"": 0.09499331563711166, ""Phone"": 0.8776216506958008, ""Report"": 0.08039503544569016, ""Web Activity"": 0.08676531165838242, ""Web Actor"": 0.10333625227212906}"
447,Retrieve voice calls intercepted with the filter 'suspect' that lasted over 1 hour in the past 48 hours,"[""CDR""]","[""CDR""]",True,0.7996193170547485,False,"{""CDR"": 0.7996193170547485, ""EVisa Request"": 0.05056534707546234, ""Insight"": 0.11368058621883392, ""Investigation"": 0.06132550537586212, ""Person"": 0.09440967440605164, ""Phone"": 0.08213070780038834, ""Report"": 0.08025190979242325, ""Web Activity"": 0.126137375831604, ""Web Actor"": 0.11254438012838364}"
448,"What reports were updated on March 1, 2024?","[""Report""]","[""Report""]",True,0.9733595252037048,False,"{""CDR"": 0.08049993216991425, ""EVisa Request"": 0.030953681096434593, ""Insight"": 0.07846285402774811, ""Investigation"": 0.061425525695085526, ""Person"": 0.03850836679339409, ""Phone"": 0.07053061574697495, ""Report"": 0.9733595252037048, ""Web Activity"": 0.08791063725948334, ""Web Actor"": 0.06474179774522781}"
460,Find all individuals born between 1 March 2000 and 1 March 2010,"[""Person""]","[""Person""]",True,0.9219465255737305,False,"{""CDR"": 0.12487751245498657, ""EVisa Request"": 0.04919355735182762, ""Insight"": 0.057118915021419525, ""Investigation"": 0.10947602987289429, ""Person"": 0.9219465255737305, ""Phone"": 0.08363193273544312, ""Report"": 0.07005590200424194, ""Web Activity"": 0.16375842690467834, ""Web Actor"": 0.10908723622560501}"
468,What SMS messages were sent via SMPP protocol yesterday?,"[""CDR""]","[""CDR""]",True,0.8869896531105042,False,"{""CDR"": 0.8869896531105042, ""EVisa Request"": 0.049606554210186005, ""Insight"": 0.07069961726665497, ""Investigation"": 0.06733741611242294, ""Person"": 0.04689871519804001, ""Phone"": 0.1796014904975891, ""Report"": 0.06360526382923126, ""Web Activity"": 0.09887959063053131, ""Web Actor"": 0.12277382612228394}"
469,"Show me all investigations with a due date of March 15, 2024","[""Investigation""]","[""Investigation""]",True,0.9625027775764465,False,"{""CDR"": 0.1060434952378273, ""EVisa Request"": 0.031492508947849274, ""Insight"": 0.05393870547413826, ""Investigation"": 0.9625027775764465, ""Person"": 0.09942878782749176, ""Phone"": 0.05281657353043556, ""Report"": 0.05429884046316147, ""Web Activity"": 0.07028767466545105, ""Web Actor"": 0.048996321856975555}"
474,Find individuals whose first name is John or Jane,"[""Person""]","[""Person""]",True,0.9115549921989441,False,"{""CDR"": 0.11177537590265274, ""EVisa Request"": 0.07449828833341599, ""Insight"": 0.08105506002902985, ""Investigation"": 0.07282034307718277, ""Person"": 0.9115549921989441, ""Phone"": 0.17739571630954742, ""Report"": 0.08475612848997116, ""Web Activity"": 0.09366976469755173, ""Web Actor"": 0.13039906322956085}"
484,List all males with the occupation 'Doctor' born before 1 July 1970,"[""Person""]","[""Person""]",True,0.9454137086868286,False,"{""CDR"": 0.09901027381420135, ""EVisa Request"": 0.09538204222917557, ""Insight"": 0.05959416925907135, ""Investigation"": 0.076593779027462, ""Person"": 0.9454137086868286, ""Phone"": 0.09390605986118317, ""Report"": 0.06684566289186478, ""Web Activity"": 0.11184757947921753, ""Web Actor"": 0.1805049031972885}"
488,which cases related to tax evasion opened in the past 6 months,"[""Investigation""]","[""Investigation""]",True,0.8729277849197388,False,"{""CDR"": 0.16819043457508087, ""EVisa Request"": 0.0567912682890892, ""Insight"": 0.12841062247753143, ""Investigation"": 0.8729277849197388, ""Person"": 0.047869257628917694, ""Phone"": 0.1194797083735466, ""Report"": 0.07797408849000931, ""Web Activity"": 0.1862485408782959, ""Web Actor"": 0.1370108425617218}"
494,"Find all web activities in Spanish language, written by actors with 'garcia' in their email address.","[""Web Activity"", ""Web Actor""]","[""Web Activity"", ""Web Actor""]",True,0.9628947973251343,False,"{""CDR"": 0.21669751405715942, ""EVisa Request"": 0.06781471520662308, ""Insight"": 0.04018394649028778, ""Investigation"": 0.048019327223300934, ""Person"": 0.15428426861763, ""Phone"": 0.13800778985023499, ""Report"": 0.05281588062644005, ""Web Activity"": 0.9628947973251343, ""Web Actor"": 0.9057077169418335}"
511,find me all calls of +972443325123 from the past week,"[""CDR""]","[""CDR""]",True,0.8615366816520691,False,"{""CDR"": 0.8615366816520691, ""EVisa Request"": 0.04783324524760246, ""Insight"": 0.0959232747554779, ""Investigation"": 0.0607384517788887, ""Person"": 0.06927772611379623, ""Phone"": 0.1240677535533905, ""Report"": 0.05572136491537094, ""Web Activity"": 0.12493711709976196, ""Web Actor"": 0.05867417901754379}"
513,Find insights that mention either 'financial irregularities' or 'money laundering' in the text,"[""Insight""]","[""Insight""]",True,0.9127973914146423,False,"{""CDR"": 0.07953435182571411, ""EVisa Request"": 0.04646487534046173, ""Insight"": 0.9127973914146423, ""Investigation"": 0.17393365502357483, ""Person"": 0.06627389043569565, ""Phone"": 0.07680005580186844, ""Report"": 0.24951545894145966, ""Web Activity"": 0.14968736469745636, ""Web Actor"": 0.12919498980045319}"
515,Get CDRs where the call status was blocked or technology was 5G for 0559876543,"[""CDR""]","[""CDR""]",True,0.8749240636825562,False,"{""CDR"": 0.8749240636825562, ""EVisa Request"": 0.13507364690303802, ""Insight"": 0.08753197640180588, ""Investigation"": 0.06326261162757874, ""Person"": 0.07026882469654083, ""Phone"": 0.16053323447704315, ""Report"": 0.07519423961639404, ""Web Activity"": 0.11820169538259506, ""Web Actor"": 0.10494508594274521}"
523,Are there insights with text that starts with 'Breaking News:' or 'Latest Update:'?,"[""Insight""]","[""Insight""]",True,0.8957949280738831,False,"{""CDR"": 0.10518064349889755, ""EVisa Request"": 0.04722679406404495, ""Insight"": 0.8957949280738831, ""Investigation"": 0.06814302504062653, ""Person"": 0.1446000039577484, ""Phone"": 0.1144377589225769, ""Report"": 0.14272092282772064, ""Web Activity"": 0.11465422809123993, ""Web Actor"": 0.1287703514099121}"
526,List all web activities collected yesterday that mention a credit card number.,"[""Web Activity""]","[""Web Activity""]",True,0.926853358745575,False,"{""CDR"": 0.11611311882734299, ""EVisa Request"": 0.050766658037900925, ""Insight"": 0.0911840945482254, ""Investigation"": 0.07668552547693253, ""Person"": 0.07689607888460159, ""Phone"": 0.07203971594572067, ""Report"": 0.05804377421736717, ""Web Activity"": 0.926853358745575, ""Web Actor"": 0.1866745501756668}"
528,List the phones first active in February 2024.,"[""Phone""]","[""Phone""]",True,0.9331907033920288,False,"{""CDR"": 0.1560794562101364, ""EVisa Request"": 0.03813411295413971, ""Insight"": 0.06075376644730568, ""Investigation"": 0.04757356643676758, ""Person"": 0.0572805292904377, ""Phone"": 0.9331907033920288, ""Report"": 0.07239525765180588, ""Web Activity"": 0.07386189699172974, ""Web Actor"": 0.09252762049436569}"
536,Find reports containing the keyword 'embezzlement',"[""Report""]","[""Report""]",True,0.9298514127731323,False,"{""CDR"": 0.09736761450767517, ""EVisa Request"": 0.048050958663225174, ""Insight"": 0.15725097060203552, ""Investigation"": 0.05856035649776459, ""Person"": 0.07655021548271179, ""Phone"": 0.0907525047659874, ""Report"": 0.9298514127731323, ""Web Activity"": 0.10232726484537125, ""Web Actor"": 0.09092798829078674}"
544,Retrieve all Facebook posts published between 1 March 2024 and 15 March 2024 that contain an email address,"[""Web Activity""]","[""Web Activity""]",True,0.9246661067008972,False,"{""CDR"": 0.20205643773078918, ""EVisa Request"": 0.04173887148499489, ""Insight"": 0.06726944446563721, ""Investigation"": 0.07097110152244568, ""Person"": 0.15836282074451447, ""Phone"": 0.042833708226680756, ""Report"": 0.11278937757015228, ""Web Activity"": 0.9246661067008972, ""Web Actor"": 0.1777547299861908}"
560,"Find reports updated between January 1, 2024 and February 28, 2024","[""Report""]","[""Report""]",True,0.9406231641769409,False,"{""CDR"": 0.06840164959430695, ""EVisa Request"": 0.0713455006480217, ""Insight"": 0.04483487457036972, ""Investigation"": 0.20857596397399902, ""Person"": 0.09875869005918503, ""Phone"": 0.07913478463888168, ""Report"": 0.9406231641769409, ""Web Activity"": 0.09893868118524551, ""Web Actor"": 0.10579828172922134}"
587,Show me insights containing the keyword 'firearms' from the past month.,"[""Insight""]","[""Insight""]",True,0.9424769282341003,False,"{""CDR"": 0.18129612505435944, ""EVisa Request"": 0.044983863830566406, ""Insight"": 0.9424769282341003, ""Investigation"": 0.05154765024781227, ""Person"": 0.05676518380641937, ""Phone"": 0.08007622510194778, ""Report"": 0.09504879266023636, ""Web Activity"": 0.13291029632091522, ""Web Actor"": 0.08013015985488892}"
589,Retrieve all non-call communications for target code 'TANGO' last week.,"[""CDR""]","[""CDR""]",True,0.8812115788459778,False,"{""CDR"": 0.8812115788459778, ""EVisa Request"": 0.0569528192281723, ""Insight"": 0.06650462746620178, ""Investigation"": 0.06770528852939606, ""Person"": 0.09199880063533783, ""Phone"": 0.22462846338748932, ""Report"": 0.064666248857975, ""Web Activity"": 0.1023113876581192, ""Web Actor"": 0.07183250784873962}"
594,Find foreign phones with IMSI 154646455549799 that sent SMS messages last year.,"[""CDR"", ""Phone""]","[""CDR"", ""Phone""]",True,0.8684824109077454,False,"{""CDR"": 0.7756867408752441, ""EVisa Request"": 0.05565625801682472, ""Insight"": 0.04726143181324005, ""Investigation"": 0.046026866883039474, ""Person"": 0.07518674433231354, ""Phone"": 0.8684824109077454, ""Report"": 0.05648510158061981, ""Web Activity"": 0.06892048567533493, ""Web Actor"": 0.09275015443563461}"
597,Find all SMS messages containing the word 'urgent' sent from 0543037210 to 0506519105 last week,"[""CDR""]","[""CDR""]",True,0.9684280157089233,False,"{""CDR"": 0.9684280157089233, ""EVisa Request"": 0.03230183944106102, ""Insight"": 0.0550592839717865, ""Investigation"": 0.03347070887684822, ""Person"": 0.03531855344772339, ""Phone"": 0.13490982353687286, ""Report"": 0.05606359243392944, ""Web Activity"": 0.08079317212104797, ""Web Actor"": 0.04396076500415802}"
600,Show me all emails with PDF attachments sent in the first half of October 2024.,"[""CDR""]","[""CDR""]",True,0.7746714949607849,False,"{""CDR"": 0.7746714949607849, ""EVisa Request"": 0.046446602791547775, ""Insight"": 0.0865873247385025, ""Investigation"": 0.06004636734724045, ""Person"": 0.1119692400097847, ""Phone"": 0.15149739384651184, ""Report"": 0.06699927151203156, ""Web Activity"": 0.11767031997442245, ""Web Actor"": 0.10984329134225845}"
603,Show investigations due in the past 30 days,"[""Investigation""]","[""Investigation""]",True,0.978678286075592,False,"{""CDR"": 0.15854716300964355, ""EVisa Request"": 0.055623773485422134, ""Insight"": 0.051171451807022095, ""Investigation"": 0.978678286075592, ""Person"": 0.0350329652428627, ""Phone"": 0.057059261947870255, ""Report"": 0.03853681683540344, ""Web Activity"": 0.058144908398389816, ""Web Actor"": 0.040155865252017975}"
608,Retrieve text messages about 'payment' or 'invoice' involving 0527654321 or 0523456789,"[""CDR""]","[""CDR""]",True,0.7689725160598755,False,"{""CDR"": 0.7689725160598755, ""EVisa Request"": 0.04749521240592003, ""Insight"": 0.12421072274446487, ""Investigation"": 0.07094336301088333, ""Person"": 0.08538087457418442, ""Phone"": 0.12814486026763916, ""Report"": 0.11417151987552643, ""Web Activity"": 0.10228964686393738, ""Web Actor"": 0.12103244662284851}"
610,Get reports with text similar to 'organized crime syndicate',"[""Report""]","[""Report""]",True,0.8800435662269592,False,"{""CDR"": 0.18263424932956696, ""EVisa Request"": 0.055728375911712646, ""Insight"": 0.12499934434890747, ""Investigation"": 0.08583197742700577, ""Person"": 0.09042687714099884, ""Phone"": 0.12418315559625626, ""Report"": 0.8800435662269592, ""Web Activity"": 0.09379526972770691, ""Web Actor"": 0.10769995301961899}"
612,Show me all Instagram posts with the hashtag #fitness published in the past 7 days.,"[""Web Activity""]","[""Web Activity""]",True,0.9257335662841797,False,"{""CDR"": 0.11105060577392578, ""EVisa Request"": 0.059277407824993134, ""Insight"": 0.1022733598947525, ""Investigation"": 0.06087493523955345, ""Person"": 0.0788874477148056, ""Phone"": 0.07122521847486496, ""Report"": 0.04640244320034981, ""Web Activity"": 0.9257335662841797, ""Web Actor"": 0.22285178303718567}"
625,List investigations with descriptions containing 'suspicious activity',"[""Investigation""]","[""Investigation""]",True,0.9371821880340576,False,"{""CDR"": 0.07862009853124619, ""EVisa Request"": 0.03472233936190605, ""Insight"": 0.07607511430978775, ""Investigation"": 0.9371821880340576, ""Person"": 0.0642550140619278, ""Phone"": 0.148055300116539, ""Report"": 0.08935372531414032, ""Web Activity"": 0.18225668370723724, ""Web Actor"": 0.09823624044656754}"
630,show me all communication of 0543037210,"[""CDR""]","[""CDR""]",True,0.9469445943832397,False,"{""CDR"": 0.9469445943832397, ""EVisa Request"": 0.04335777834057808, ""Insight"": 0.04641200229525566, ""Investigation"": 0.05662473291158676, ""Person"": 0.07586092501878738, ""Phone"": 0.08717256784439087, ""Report"": 0.040022820234298706, ""Web Activity"": 0.06377017498016357, ""Web Actor"": 0.04970184713602066}"
636,Show shared posts containing 'sale' published by actors with 10000 followers?,"[""Web Activity"", ""Web Actor""]","[""Web Activity"", ""Web Actor""]",True,0.9710197448730469,False,"{""CDR"": 0.07547800987958908, ""EVisa Request"": 0.04083835706114769, ""Insight"": 0.06605679541826248, ""Investigation"": 0.04597736522555351, ""Person"": 0.08369991183280945, ""Phone"": 0.0926785096526146, ""Report"": 0.08246289193630219, ""Web Activity"": 0.9710197448730469, ""Web Actor"": 0.9123865365982056}"
642,Show me all SMS messages related to case 'XYZ123' that were sent via smpp protocol from 0543037210 yesterday,"[""CDR""]","[""CDR""]",True,0.9188988208770752,False,"{""CDR"": 0.9188988208770752, ""EVisa Request"": 0.03339654207229614, ""Insight"": 0.08100677281618118, ""Investigation"": 0.17272412776947021, ""Person"": 0.04205944016575813, ""Phone"": 0.08950383961200714, ""Report"": 0.05235352739691734, ""Web Activity"": 0.09750191122293472, ""Web Actor"": 0.0687209740281105}"
646,Find the phone with imsi 123456789012345,"[""Phone""]","[""Phone""]",True,0.9088073968887329,False,"{""CDR"": 0.28933775424957275, ""EVisa Request"": 0.04836893826723099, ""Insight"": 0.06456520408391953, ""Investigation"": 0.05619895085692406, ""Person"": 0.08803560584783554, ""Phone"": 0.9088073968887329, ""Report"": 0.07304193824529648, ""Web Activity"": 0.08848648518323898, ""Web Actor"": 0.09541772305965424}"
651,Show me all blocked calls made from +16431646 to +972506655668,"[""CDR""]","[""CDR""]",True,0.9373568296432495,False,"{""CDR"": 0.9373568296432495, ""EVisa Request"": 0.043251220136880875, ""Insight"": 0.061784788966178894, ""Investigation"": 0.05078635364770889, ""Person"": 0.07014666497707367, ""Phone"": 0.14556676149368286, ""Report"": 0.04495828598737717, ""Web Activity"": 0.09692114591598511, ""Web Actor"": 0.07531529664993286}"
656,List all web-based communications from IP address 192.168.1.100 to 172.16.0.1 on 10 March 2024,"[""CDR""]","[""CDR""]",True,0.8311818242073059,False,"{""CDR"": 0.8311818242073059, ""EVisa Request"": 0.061144936829805374, ""Insight"": 0.06398562341928482, ""Investigation"": 0.07923124730587006, ""Person"": 0.15583392977714539, ""Phone"": 0.0954228937625885, ""Report"": 0.06199425458908081, ""Web Activity"": 0.21184483170509338, ""Web Actor"": 0.07924093306064606}"
